customer_id,age,customer_risk_rating,pep_flag,occupation,industry,account_type,kyc_level,income_bracket,country_risk,customer_since_days
C0,59,medium,0,salaried,retail,retail,low,medium,low,84
C1,49,very_high,0,salaried,unknown,retail,high,medium,high,1596
C2,35,high,0,retired,education,retail,medium,medium,low,1639
C3,63,medium,0,government_employee,manufacturing,retail,high,high,low,3632
C4,28,high,0,government_employee,retail,current,high,low,low,3257
C5,41,low,0,business_owner,finance,retail,medium,low,high,1902
C6,59,very_high,0,salaried,real_estate,savings,medium,high,low,2745
C7,39,low,0,retired,manufacturing,savings,low,medium,low,2224
C8,43,medium,0,salaried,retail,current,medium,low,low,1538
C9,31,high,0,freelancer,real_estate,retail,low,medium,medium,2676
C10,31,medium,0,government_employee,construction,business,high,medium,low,2097
C11,44,medium,0,retired,hospitality,savings,high,medium,low,3370
C12,56,low,0,unemployed,unknown,business,medium,low,low,362
C13,60,high,0,salaried,technology,business,medium,medium,medium,1608
C14,44,low,0,retired,healthcare,retail,high,low,medium,936
C15,23,very_high,0,self_employed,education,retail,medium,medium,low,3021
C16,42,medium,0,freelancer,technology,retail,high,high,medium,940
C17,22,low,0,salaried,finance,savings,medium,medium,low,430
C18,44,medium,0,retired,healthcare,retail,medium,low,medium,979
C19,64,medium,0,freelancer,technology,retail,high,low,low,1359
C20,50,medium,0,salaried,healthcare,corporate,medium,medium,low,2105
C21,58,medium,0,self_employed,healthcare,retail,high,medium,low,2544
C22,22,low,0,government_employee,healthcare,retail,high,medium,medium,3361
C23,41,medium,0,business_owner,finance,corporate,low,medium,medium,3635
C24,53,high,0,salaried,manufacturing,retail,low,medium,low,3059
C25,32,low,0,salaried,manufacturing,corporate,high,medium,medium,1940
C26,42,medium,0,salaried,manufacturing,corporate,high,low,low,130
C27,64,low,0,freelancer,retail,corporate,low,low,low,580
C28,45,low,0,student,healthcare,current,high,low,low,2879
C29,69,medium,0,salaried,manufacturing,savings,medium,medium,medium,2430
C30,47,medium,0,self_employed,manufacturing,corporate,medium,high,medium,3401
C31,62,low,0,self_employed,real_estate,corporate,high,medium,low,1735
C32,48,medium,0,salaried,healthcare,current,low,low,low,2373
C33,36,low,0,self_employed,unknown,current,high,low,low,382
C34,35,low,0,self_employed,healthcare,current,medium,low,low,2985
C35,67,low,0,self_employed,technology,savings,medium,medium,low,3231
C36,64,low,0,retired,manufacturing,retail,medium,medium,low,1048
C37,23,low,0,salaried,real_estate,retail,medium,medium,low,1209
C38,57,medium,0,student,healthcare,retail,medium,low,low,1127
C39,27,medium,0,student,technology,business,low,low,low,3443
C40,41,low,0,business_owner,hospitality,savings,medium,low,low,3566
C41,29,high,0,retired,healthcare,savings,medium,low,low,3191
C42,59,medium,0,business_owner,retail,retail,low,medium,medium,2532
C43,38,low,0,freelancer,healthcare,current,high,low,low,2789
C44,24,high,0,retired,construction,retail,medium,medium,medium,1009
C45,45,very_high,0,business_owner,finance,retail,medium,medium,low,1385
C46,34,low,0,government_employee,unknown,corporate,medium,high,low,768
C47,29,low,0,student,real_estate,savings,medium,high,low,1006
C48,46,high,0,salaried,unknown,corporate,low,medium,low,1401
C49,22,medium,0,salaried,unknown,current,medium,low,low,2310
C50,40,low,0,salaried,technology,retail,medium,medium,high,1831
C51,48,medium,0,freelancer,retail,savings,high,medium,low,3101
C52,67,high,0,retired,retail,savings,high,low,low,2179
C53,27,medium,0,unemployed,retail,retail,medium,medium,medium,982
C54,64,medium,0,student,education,current,low,high,low,510
C55,28,high,0,business_owner,healthcare,current,medium,medium,medium,1267
C56,67,low,0,salaried,healthcare,savings,low,low,low,137
C57,55,low,0,retired,technology,current,low,low,high,3266
C58,34,medium,0,student,unknown,savings,medium,medium,low,1002
C59,37,high,0,unemployed,retail,retail,medium,low,low,1656
C60,56,low,0,salaried,finance,savings,medium,medium,medium,733
C61,60,medium,0,business_owner,finance,retail,low,medium,low,2412
C62,24,medium,0,retired,construction,retail,low,low,low,2163
C63,22,low,0,student,manufacturing,retail,low,high,medium,2811
C64,26,medium,0,business_owner,healthcare,savings,low,medium,low,904
C65,62,high,0,government_employee,retail,savings,medium,low,low,1477
C66,24,medium,0,salaried,healthcare,retail,medium,medium,medium,2441
C67,49,medium,0,retired,finance,savings,low,medium,low,2137
C68,38,low,0,student,unknown,business,medium,medium,medium,3583
C69,46,medium,0,freelancer,hospitality,retail,medium,high,high,1303
C70,64,low,0,government_employee,technology,retail,low,medium,low,589
C71,54,low,0,self_employed,construction,current,low,high,low,146
C72,30,medium,0,salaried,retail,retail,medium,medium,low,903
C73,56,low,0,unemployed,education,savings,medium,medium,low,2992
C74,34,low,0,business_owner,construction,retail,medium,high,high,997
C75,51,medium,0,freelancer,healthcare,corporate,low,medium,low,3076
C76,68,low,0,salaried,education,savings,high,low,low,1598
C77,35,low,0,student,healthcare,savings,medium,medium,medium,73
C78,28,medium,0,government_employee,healthcare,current,medium,medium,medium,538
C79,34,medium,0,unemployed,finance,current,high,low,low,2041
C80,43,low,0,self_employed,technology,current,high,high,low,1218
C81,60,high,0,retired,education,savings,medium,low,medium,3469
C82,41,low,0,business_owner,unknown,retail,medium,low,high,1345
C83,36,medium,0,salaried,manufacturing,savings,medium,high,medium,878
C84,65,medium,0,retired,construction,retail,low,medium,low,1909
C85,38,very_high,0,retired,hospitality,current,medium,low,low,946
C86,67,medium,0,unemployed,retail,retail,low,medium,low,2975
C87,44,medium,0,business_owner,technology,savings,medium,medium,low,828
C88,46,medium,0,salaried,finance,retail,high,low,high,905
C89,45,low,0,salaried,education,current,high,high,medium,1790
C90,65,low,0,self_employed,unknown,current,medium,medium,high,2363
C91,61,medium,0,self_employed,retail,corporate,medium,medium,low,3305
C92,49,low,0,government_employee,education,current,medium,medium,medium,2761
C93,35,medium,0,self_employed,manufacturing,retail,high,medium,medium,3625
C94,65,low,0,unemployed,manufacturing,savings,medium,low,medium,848
C95,21,medium,0,unemployed,technology,current,low,low,low,2198
C96,45,low,0,student,healthcare,retail,low,medium,low,974
C97,27,low,0,freelancer,finance,business,medium,high,medium,3095
C98,29,medium,0,government_employee,retail,retail,medium,low,low,3289
C99,44,medium,0,business_owner,finance,retail,high,medium,high,936
C100,21,medium,0,salaried,manufacturing,business,medium,high,low,42
C101,64,low,0,business_owner,finance,retail,medium,low,medium,632
C102,28,low,0,business_owner,construction,business,medium,low,medium,229
C103,44,medium,0,freelancer,real_estate,business,low,medium,medium,2663
C104,31,low,0,business_owner,education,retail,high,medium,low,1821
C105,37,medium,0,freelancer,technology,savings,high,low,high,3557
C106,28,medium,0,retired,real_estate,retail,high,medium,medium,477
C107,55,medium,0,salaried,unknown,corporate,high,medium,low,1841
C108,55,medium,0,unemployed,finance,retail,low,medium,medium,870
C109,53,high,0,business_owner,retail,retail,low,low,low,3172
C110,25,very_high,0,self_employed,hospitality,corporate,medium,medium,low,619
C111,62,low,0,retired,finance,corporate,high,medium,low,1183
C112,59,low,0,salaried,finance,business,low,high,medium,2966
C113,61,low,0,student,technology,current,low,high,low,2120
C114,48,low,0,business_owner,finance,savings,high,medium,medium,549
C115,27,medium,0,self_employed,manufacturing,savings,low,medium,low,1066
C116,29,high,0,unemployed,retail,current,medium,medium,low,754
C117,28,low,1,business_owner,construction,retail,medium,low,high,2700
C118,32,low,0,salaried,hospitality,savings,medium,low,medium,1017
C119,54,low,0,business_owner,education,business,low,medium,high,832
C120,53,medium,0,freelancer,manufacturing,retail,high,low,low,2612
C121,68,medium,0,salaried,construction,savings,medium,low,low,2379
C122,43,low,0,salaried,retail,current,high,high,medium,556
C123,44,high,0,salaried,construction,business,medium,low,medium,1695
C124,57,medium,0,salaried,hospitality,savings,low,low,low,1168
C125,55,low,0,government_employee,education,retail,high,low,low,489
C126,64,medium,0,retired,real_estate,retail,medium,medium,medium,2909
C127,60,medium,0,self_employed,retail,retail,medium,medium,low,2582
C128,42,low,0,retired,technology,current,high,medium,medium,3409
C129,47,low,1,self_employed,hospitality,retail,medium,medium,low,961
C130,55,low,1,unemployed,finance,current,medium,medium,low,2016
C131,21,low,0,unemployed,hospitality,retail,low,high,high,354
C132,55,high,0,self_employed,retail,retail,medium,high,low,608
C133,57,high,0,freelancer,retail,corporate,medium,high,low,2838
C134,67,low,0,government_employee,finance,savings,medium,medium,medium,3276
C135,34,low,0,self_employed,finance,retail,high,low,low,2928
C136,23,low,0,salaried,real_estate,corporate,high,low,low,1567
C137,21,low,0,business_owner,retail,corporate,low,low,medium,3273
C138,25,high,0,government_employee,unknown,retail,low,medium,low,3037
C139,46,low,0,unemployed,real_estate,retail,low,high,low,2579
C140,34,low,0,government_employee,retail,current,low,medium,low,2030
C141,59,low,0,freelancer,education,savings,medium,low,low,2411
C142,47,medium,0,student,construction,retail,high,medium,medium,2361
C143,29,low,0,government_employee,education,current,high,high,medium,504
C144,35,medium,1,government_employee,finance,business,medium,medium,low,1107
C145,35,low,0,self_employed,construction,savings,medium,high,medium,1511
C146,46,medium,0,business_owner,hospitality,savings,medium,high,high,1632
C147,62,medium,0,government_employee,retail,current,low,high,low,1473
C148,33,low,0,salaried,finance,business,medium,medium,medium,661
C149,52,low,0,government_employee,real_estate,current,high,medium,low,732
C150,59,high,0,salaried,retail,corporate,medium,low,medium,2486
C151,69,high,0,business_owner,hospitality,savings,high,low,high,1011
C152,52,low,0,government_employee,healthcare,savings,medium,medium,low,1357
C153,24,low,0,salaried,unknown,retail,low,low,low,1988
C154,50,high,0,salaried,real_estate,corporate,medium,high,low,588
C155,57,medium,0,self_employed,retail,current,medium,low,low,251
C156,43,low,0,freelancer,retail,savings,low,high,low,1586
C157,59,high,0,salaried,real_estate,corporate,medium,medium,medium,2235
C158,65,low,0,freelancer,hospitality,savings,high,medium,low,377
C159,35,medium,0,salaried,hospitality,retail,medium,high,low,1212
C160,63,low,0,unemployed,healthcare,corporate,medium,medium,medium,918
C161,49,low,0,unemployed,retail,current,high,medium,low,951
C162,56,low,0,business_owner,finance,retail,high,low,high,1288
C163,33,medium,0,business_owner,manufacturing,retail,high,medium,medium,2739
C164,52,low,0,business_owner,finance,business,medium,low,low,434
C165,27,low,0,student,technology,retail,high,medium,low,1310
C166,42,low,0,salaried,manufacturing,retail,low,medium,low,706
C167,48,medium,0,salaried,unknown,business,medium,medium,medium,618
C168,22,very_high,0,salaried,healthcare,savings,low,medium,low,1650
C169,62,low,0,self_employed,retail,savings,medium,medium,medium,2635
C170,65,medium,0,salaried,manufacturing,current,medium,medium,medium,2982
C171,26,high,0,student,manufacturing,retail,medium,high,low,3148
C172,48,medium,0,unemployed,healthcare,savings,medium,medium,medium,3314
C173,48,low,0,self_employed,unknown,savings,low,medium,low,2556
C174,64,low,0,student,construction,current,medium,medium,high,2564
C175,64,low,1,self_employed,retail,savings,high,high,low,1624
C176,40,low,0,government_employee,retail,savings,high,medium,medium,595
C177,50,low,0,freelancer,real_estate,corporate,low,medium,low,3443
C178,31,medium,0,freelancer,hospitality,corporate,high,medium,medium,2601
C179,48,low,0,unemployed,finance,current,medium,medium,low,733
C180,45,low,0,salaried,education,savings,medium,low,low,3604
C181,59,medium,0,government_employee,manufacturing,savings,low,medium,low,3107
C182,53,low,0,government_employee,retail,corporate,medium,medium,low,2898
C183,21,high,1,salaried,education,savings,high,high,medium,3245
C184,47,medium,0,unemployed,unknown,savings,medium,medium,medium,887
C185,33,low,0,salaried,finance,current,medium,medium,low,1314
C186,61,medium,0,retired,healthcare,savings,medium,low,low,614
C187,23,medium,0,salaried,technology,business,low,high,low,2763
C188,59,medium,0,self_employed,construction,current,high,high,low,261
C189,26,low,0,retired,unknown,savings,high,low,low,2347
C190,28,low,0,business_owner,technology,savings,low,low,low,3017
C191,47,medium,0,self_employed,education,business,high,medium,low,3548
C192,29,low,0,self_employed,real_estate,savings,medium,medium,low,2951
C193,57,low,0,government_employee,real_estate,current,high,medium,high,1275
C194,53,low,0,salaried,healthcare,savings,medium,low,low,81
C195,62,medium,0,self_employed,retail,savings,low,low,low,2193
C196,64,low,0,freelancer,healthcare,retail,medium,medium,medium,567
C197,44,high,0,government_employee,real_estate,corporate,medium,medium,medium,570
C198,35,medium,0,self_employed,finance,business,low,medium,low,1072
C199,52,high,0,government_employee,construction,savings,medium,medium,medium,844
C200,52,very_high,0,government_employee,retail,savings,medium,low,medium,1445
C201,44,high,0,freelancer,retail,business,high,medium,low,2868
C202,61,high,0,business_owner,real_estate,savings,low,low,low,1682
C203,69,low,0,salaried,education,savings,medium,medium,low,2695
C204,69,medium,0,salaried,finance,current,low,medium,low,448
C205,32,low,0,salaried,healthcare,savings,high,low,low,2386
C206,59,low,0,student,unknown,retail,low,low,medium,893
C207,22,medium,0,salaried,healthcare,corporate,high,low,low,215
C208,23,medium,0,student,healthcare,corporate,high,medium,low,290
C209,69,low,0,self_employed,hospitality,corporate,medium,high,low,1581
C210,57,medium,0,salaried,finance,savings,medium,low,low,1326
C211,69,high,0,freelancer,technology,corporate,low,high,medium,2237
C212,37,medium,0,business_owner,technology,retail,medium,low,low,2947
C213,69,medium,0,salaried,healthcare,corporate,high,high,high,791
C214,22,high,0,government_employee,healthcare,retail,high,medium,low,253
C215,22,very_high,0,salaried,finance,savings,low,medium,low,1309
C216,48,medium,0,retired,healthcare,current,medium,medium,medium,209
C217,43,high,0,government_employee,finance,savings,high,medium,low,2097
C218,57,very_high,0,self_employed,hospitality,corporate,medium,high,low,1677
C219,52,high,0,government_employee,technology,retail,low,medium,medium,661
C220,53,low,0,business_owner,technology,retail,medium,medium,low,3569
C221,21,low,0,business_owner,construction,savings,medium,low,medium,3311
C222,39,low,0,salaried,manufacturing,retail,high,low,high,1566
C223,22,low,0,salaried,finance,savings,medium,high,low,2135
C224,64,medium,0,unemployed,unknown,retail,medium,medium,low,3194
C225,46,medium,0,self_employed,retail,current,high,medium,low,3322
C226,52,high,0,business_owner,finance,corporate,medium,medium,low,2800
C227,26,low,0,business_owner,hospitality,retail,high,high,medium,1993
C228,52,high,0,student,real_estate,current,medium,medium,medium,3333
C229,24,medium,0,salaried,technology,retail,low,medium,low,3465
C230,31,medium,0,self_employed,retail,retail,high,medium,low,644
C231,37,high,0,retired,real_estate,savings,medium,medium,low,591
C232,58,medium,0,salaried,healthcare,savings,low,low,low,2451
C233,44,low,0,salaried,construction,savings,medium,high,medium,651
C234,25,high,0,salaried,retail,retail,low,medium,low,3557
C235,54,low,0,self_employed,construction,corporate,medium,high,medium,2165
C236,26,low,0,freelancer,real_estate,retail,high,low,medium,3121
C237,42,high,0,salaried,hospitality,retail,high,low,medium,1043
C238,31,low,0,salaried,education,current,high,high,low,2091
C239,68,medium,0,self_employed,education,savings,low,medium,medium,2210
C240,36,low,0,retired,healthcare,retail,medium,medium,medium,1990
C241,53,high,0,student,retail,savings,low,medium,medium,1087
C242,29,low,0,self_employed,retail,retail,high,medium,low,2969
C243,26,very_high,0,government_employee,construction,current,medium,medium,low,3309
C244,36,medium,0,student,hospitality,retail,medium,low,medium,3300
C245,49,low,0,freelancer,technology,retail,high,high,low,621
C246,23,medium,0,government_employee,retail,savings,medium,high,low,612
C247,40,very_high,0,salaried,technology,savings,medium,low,high,3256
C248,56,low,0,salaried,manufacturing,savings,high,high,low,1643
C249,39,low,0,salaried,technology,retail,high,high,low,1131
C250,46,low,0,self_employed,hospitality,retail,medium,medium,low,3273
C251,23,medium,0,unemployed,unknown,corporate,medium,medium,medium,318
C252,39,medium,0,self_employed,retail,retail,high,medium,low,1598
C253,40,medium,0,salaried,technology,current,low,low,medium,3090
C254,52,low,0,government_employee,technology,retail,medium,medium,low,2956
C255,27,low,0,business_owner,healthcare,corporate,low,high,low,1473
C256,61,medium,0,salaried,retail,savings,medium,medium,medium,36
C257,53,low,0,self_employed,finance,retail,low,medium,low,1213
C258,60,low,0,self_employed,construction,savings,medium,low,high,269
C259,59,high,0,government_employee,technology,current,medium,low,low,2016
C260,38,medium,0,salaried,real_estate,retail,medium,medium,low,1476
C261,60,medium,0,salaried,unknown,business,high,low,low,2613
C262,21,high,0,business_owner,hospitality,savings,high,medium,low,1779
C263,31,medium,0,salaried,retail,retail,high,medium,high,2147
C264,48,high,0,student,real_estate,corporate,medium,medium,medium,1933
C265,45,low,0,business_owner,technology,retail,low,medium,low,2293
C266,43,low,0,self_employed,hospitality,savings,medium,medium,low,3205
C267,51,low,0,unemployed,education,current,high,medium,medium,1107
C268,50,low,1,student,education,current,medium,low,low,2883
C269,62,medium,0,salaried,healthcare,business,low,low,low,2407
C270,55,low,0,business_owner,hospitality,current,high,low,high,877
C271,27,low,0,government_employee,finance,savings,medium,high,high,3304
C272,36,low,0,retired,retail,retail,medium,low,high,1341
C273,46,low,0,salaried,healthcare,savings,high,medium,medium,2122
C274,68,medium,0,unemployed,finance,retail,high,high,medium,2906
C275,69,low,0,self_employed,retail,savings,medium,medium,low,2275
C276,22,medium,0,salaried,hospitality,corporate,high,low,low,1269
C277,21,low,0,salaried,unknown,retail,medium,high,low,1534
C278,68,medium,0,salaried,healthcare,retail,high,low,medium,1362
C279,32,high,0,government_employee,healthcare,corporate,low,medium,medium,2973
C280,25,low,0,salaried,healthcare,savings,low,high,medium,3536
C281,57,medium,0,salaried,healthcare,corporate,medium,medium,high,2409
C282,52,low,0,freelancer,finance,savings,high,medium,medium,725
C283,29,low,0,self_employed,unknown,corporate,medium,low,high,56
C284,61,very_high,0,salaried,retail,savings,low,medium,low,3267
C285,55,low,0,salaried,technology,retail,low,medium,medium,2395
C286,39,low,0,salaried,finance,retail,high,medium,low,3375
C287,68,medium,1,salaried,construction,savings,low,high,low,3484
C288,36,low,0,retired,education,corporate,medium,high,high,2442
C289,23,high,0,salaried,unknown,retail,low,high,medium,3204
C290,40,low,0,salaried,hospitality,corporate,low,medium,low,989
C291,44,high,0,government_employee,healthcare,retail,medium,medium,low,1556
C292,53,medium,0,retired,retail,savings,medium,high,medium,1898
C293,44,medium,1,self_employed,education,corporate,medium,high,medium,402
C294,31,high,0,business_owner,technology,savings,medium,medium,high,1979
C295,69,low,0,self_employed,real_estate,current,high,low,low,274
C296,28,very_high,0,business_owner,finance,retail,medium,low,low,1870
C297,56,low,0,business_owner,finance,business,medium,medium,low,3270
C298,58,low,0,self_employed,real_estate,savings,high,medium,low,1706
C299,60,low,0,freelancer,real_estate,savings,low,high,low,3519
C300,40,medium,0,salaried,education,savings,high,low,high,3457
C301,55,low,0,government_employee,retail,savings,low,low,low,2555
C302,68,high,0,salaried,real_estate,savings,medium,medium,low,154
C303,45,high,0,government_employee,retail,corporate,medium,medium,low,566
C304,55,very_high,0,student,finance,retail,high,low,low,2783
C305,45,low,0,government_employee,technology,retail,medium,medium,medium,1949
C306,49,medium,0,salaried,retail,corporate,medium,medium,medium,1665
C307,38,low,0,business_owner,retail,retail,high,medium,medium,1455
C308,66,low,0,business_owner,healthcare,corporate,medium,medium,low,1570
C309,38,low,0,retired,retail,retail,medium,medium,low,560
C310,22,low,0,business_owner,finance,savings,medium,medium,low,2863
C311,55,medium,0,business_owner,finance,current,high,high,low,283
C312,36,medium,0,self_employed,retail,business,low,low,medium,2198
C313,61,low,0,self_employed,finance,corporate,low,high,low,3133
C314,56,low,0,business_owner,manufacturing,savings,medium,medium,medium,690
C315,53,low,0,salaried,healthcare,current,medium,high,low,1831
C316,24,low,0,unemployed,healthcare,corporate,high,high,medium,1090
C317,53,very_high,0,retired,healthcare,retail,high,medium,high,1395
C318,34,low,0,unemployed,manufacturing,business,high,medium,medium,1066
C319,41,low,0,salaried,construction,savings,high,low,low,1236
C320,68,low,0,freelancer,education,corporate,medium,high,high,3366
C321,40,high,0,government_employee,education,retail,low,medium,medium,2165
C322,28,very_high,0,retired,technology,retail,high,medium,low,3563
C323,27,medium,0,student,education,current,medium,medium,low,2123
C324,23,medium,0,self_employed,real_estate,savings,medium,high,medium,3493
C325,37,medium,0,government_employee,retail,retail,high,low,medium,1172
C326,53,low,0,business_owner,retail,retail,medium,medium,low,3010
C327,68,very_high,0,salaried,healthcare,savings,high,medium,low,1584
C328,32,medium,0,self_employed,unknown,savings,medium,medium,high,3548
C329,42,medium,1,unemployed,real_estate,retail,medium,medium,low,1785
C330,42,medium,0,freelancer,education,current,low,medium,low,1995
C331,66,medium,0,unemployed,healthcare,retail,medium,medium,low,774
C332,50,medium,0,student,technology,corporate,high,high,medium,1659
C333,58,very_high,0,salaried,retail,savings,medium,low,low,996
C334,58,high,0,salaried,retail,retail,medium,medium,medium,792
C335,65,medium,0,salaried,hospitality,current,low,low,low,2839
C336,28,medium,0,salaried,manufacturing,savings,low,low,medium,823
C337,47,low,0,self_employed,healthcare,current,medium,low,medium,773
C338,47,medium,0,salaried,hospitality,retail,high,medium,low,1099
C339,54,low,0,self_employed,retail,retail,medium,medium,low,1561
C340,41,medium,0,unemployed,unknown,retail,high,low,low,587
C341,50,very_high,0,self_employed,healthcare,savings,high,low,low,2024
C342,53,medium,0,freelancer,healthcare,savings,medium,high,medium,555
C343,48,low,0,student,healthcare,current,medium,low,low,2674
C344,67,low,0,salaried,retail,savings,high,high,medium,869
C345,53,low,0,self_employed,finance,business,medium,low,low,32
C346,25,medium,0,salaried,manufacturing,savings,medium,medium,low,1081
C347,68,low,0,self_employed,construction,retail,low,medium,low,1434
C348,39,low,0,retired,hospitality,retail,high,high,low,186
C349,24,low,0,salaried,retail,savings,high,medium,low,2932
C350,55,medium,0,salaried,real_estate,retail,high,medium,medium,1967
C351,69,medium,0,self_employed,finance,retail,low,low,low,1984
C352,37,low,0,unemployed,finance,savings,medium,medium,low,540
C353,64,low,1,government_employee,manufacturing,current,low,medium,medium,3434
C354,48,medium,0,retired,real_estate,retail,low,low,medium,716
C355,50,medium,0,salaried,finance,current,medium,low,low,1167
C356,49,medium,0,government_employee,finance,current,high,high,medium,1442
C357,66,low,0,government_employee,unknown,corporate,high,low,low,1540
C358,26,medium,0,student,finance,retail,medium,medium,medium,3351
C359,55,low,0,unemployed,technology,retail,low,medium,medium,600
C360,61,high,0,self_employed,real_estate,savings,medium,high,medium,744
C361,57,medium,0,unemployed,finance,savings,medium,high,medium,1368
C362,44,low,0,freelancer,retail,current,high,high,low,2316
C363,49,low,0,salaried,healthcare,savings,high,low,medium,3335
C364,69,medium,0,business_owner,hospitality,retail,medium,high,low,2380
C365,66,high,0,unemployed,real_estate,retail,medium,low,low,2684
C366,51,medium,0,salaried,manufacturing,savings,low,medium,low,1020
C367,55,medium,0,business_owner,unknown,retail,medium,medium,high,363
C368,53,medium,1,unemployed,hospitality,retail,medium,low,medium,2190
C369,41,medium,0,business_owner,technology,corporate,low,high,low,1674
C370,52,low,0,salaried,technology,retail,medium,low,medium,391
C371,43,high,0,student,manufacturing,retail,high,medium,medium,1910
C372,53,low,0,salaried,manufacturing,corporate,medium,medium,low,2878
C373,23,low,0,business_owner,real_estate,retail,low,medium,low,2174
C374,38,very_high,0,salaried,manufacturing,retail,low,low,medium,2011
C375,45,low,0,student,finance,savings,medium,medium,low,2093
C376,62,low,0,business_owner,technology,current,medium,high,low,2633
C377,51,low,0,retired,healthcare,retail,medium,medium,medium,2007
C378,23,high,0,student,retail,current,medium,medium,high,405
C379,60,low,0,business_owner,finance,corporate,medium,low,medium,771
C380,66,low,0,retired,manufacturing,savings,high,medium,medium,419
C381,44,low,0,salaried,real_estate,current,medium,high,low,2697
C382,52,low,0,student,retail,savings,high,medium,low,1270
C383,67,low,0,salaried,technology,current,medium,medium,medium,3500
C384,42,low,0,freelancer,real_estate,retail,low,medium,low,3361
C385,43,medium,0,salaried,retail,retail,medium,medium,medium,853
C386,22,low,0,self_employed,manufacturing,current,medium,low,low,2397
C387,47,low,0,retired,hospitality,corporate,high,low,low,2273
C388,62,low,0,business_owner,hospitality,retail,high,medium,low,3579
C389,22,low,1,salaried,manufacturing,savings,high,medium,high,447
C390,46,medium,0,business_owner,real_estate,current,high,medium,low,3576
C391,37,medium,0,student,finance,current,medium,medium,low,636
C392,60,low,0,retired,healthcare,retail,medium,medium,low,597
C393,53,low,0,self_employed,finance,current,medium,low,medium,573
C394,29,low,0,business_owner,unknown,retail,high,high,low,2308
C395,63,high,0,business_owner,retail,retail,high,medium,low,913
C396,68,medium,0,retired,retail,savings,low,low,low,2598
C397,59,medium,0,student,construction,retail,high,low,medium,732
C398,49,low,0,business_owner,unknown,retail,low,high,low,1253
C399,62,high,0,salaried,hospitality,savings,medium,low,low,2923
C400,46,low,0,salaried,finance,retail,medium,high,low,2750
C401,55,low,0,salaried,finance,retail,medium,low,low,1652
C402,45,low,0,salaried,technology,retail,high,high,medium,2098
C403,44,low,0,self_employed,retail,corporate,medium,high,low,3412
C404,33,very_high,0,student,finance,corporate,low,medium,high,2665
C405,27,medium,0,salaried,technology,current,medium,low,high,2975
C406,56,low,0,unemployed,unknown,current,medium,low,low,1816
C407,65,medium,0,salaried,healthcare,corporate,medium,medium,medium,1649
C408,40,very_high,0,government_employee,manufacturing,current,medium,medium,medium,1487
C409,21,high,0,student,manufacturing,retail,low,low,medium,2448
C410,28,medium,0,self_employed,retail,retail,medium,low,low,1613
C411,66,high,0,salaried,manufacturing,current,medium,medium,low,1944
C412,36,very_high,0,student,retail,corporate,high,medium,low,107
C413,34,medium,0,self_employed,retail,business,low,low,medium,3643
C414,32,low,0,unemployed,education,corporate,medium,low,low,1338
C415,43,low,0,business_owner,finance,current,medium,high,low,677
C416,35,high,0,unemployed,unknown,corporate,medium,medium,low,2217
C417,48,low,0,salaried,retail,corporate,medium,medium,low,582
C418,54,high,0,retired,manufacturing,corporate,high,medium,low,1027
C419,22,low,0,student,technology,savings,high,low,low,311
C420,52,low,0,retired,retail,savings,high,medium,low,1311
C421,43,low,0,salaried,finance,business,medium,medium,high,1876
C422,42,low,0,retired,manufacturing,retail,medium,high,low,1413
C423,45,very_high,0,business_owner,hospitality,retail,high,medium,medium,2517
C424,42,high,0,retired,construction,corporate,medium,low,low,2347
C425,42,high,0,self_employed,technology,savings,low,high,low,1187
C426,69,medium,0,freelancer,hospitality,current,high,medium,medium,2823
C427,62,low,0,salaried,manufacturing,retail,medium,high,medium,133
C428,26,medium,0,government_employee,education,savings,low,high,low,795
C429,35,medium,0,freelancer,real_estate,corporate,medium,low,high,2172
C430,63,medium,0,government_employee,manufacturing,savings,medium,medium,high,2806
C431,57,low,0,business_owner,hospitality,current,medium,medium,high,1626
C432,53,medium,0,self_employed,technology,retail,medium,medium,low,509
C433,28,low,0,unemployed,hospitality,corporate,low,medium,low,2857
C434,64,very_high,0,salaried,manufacturing,business,low,high,medium,3342
C435,64,high,0,business_owner,retail,current,medium,medium,medium,2090
C436,25,low,0,retired,finance,savings,high,low,low,3248
C437,59,medium,0,retired,technology,savings,medium,low,medium,1993
C438,24,medium,0,salaried,real_estate,retail,low,medium,low,2678
C439,26,low,0,retired,hospitality,savings,low,low,low,2172
C440,65,high,0,government_employee,retail,current,high,medium,low,2370
C441,52,high,0,salaried,hospitality,savings,medium,medium,medium,2102
C442,50,low,0,freelancer,construction,retail,medium,medium,low,1325
C443,67,low,0,salaried,retail,retail,low,low,medium,1558
C444,55,low,0,self_employed,construction,retail,high,medium,low,1219
C445,60,low,0,salaried,unknown,retail,medium,low,medium,968
C446,36,low,0,salaried,education,retail,medium,medium,high,791
C447,33,high,0,freelancer,hospitality,corporate,low,medium,medium,3188
C448,62,low,1,self_employed,unknown,retail,medium,medium,high,683
C449,50,low,0,self_employed,manufacturing,retail,high,medium,low,1699
C450,39,high,0,salaried,healthcare,savings,high,low,low,3062
C451,37,medium,0,student,hospitality,retail,medium,medium,low,2715
C452,39,low,0,student,manufacturing,retail,high,low,low,2568
C453,48,low,1,self_employed,manufacturing,retail,low,medium,medium,1961
C454,46,low,1,self_employed,retail,retail,medium,low,low,3242
C455,57,medium,0,freelancer,education,savings,medium,medium,low,1156
C456,46,low,0,self_employed,finance,retail,medium,high,low,3327
C457,43,medium,0,business_owner,unknown,current,high,medium,low,1955
C458,29,very_high,0,salaried,healthcare,business,low,medium,low,604
C459,32,low,0,government_employee,retail,savings,medium,medium,medium,2371
C460,21,high,0,self_employed,technology,savings,medium,low,low,2973
C461,21,very_high,0,business_owner,finance,current,medium,high,low,1359
C462,67,low,0,salaried,education,savings,medium,low,medium,1307
C463,54,high,1,unemployed,construction,retail,low,high,medium,1233
C464,52,medium,0,salaried,hospitality,corporate,high,medium,low,69
C465,68,high,0,government_employee,retail,current,medium,medium,medium,2853
C466,45,medium,0,self_employed,retail,retail,medium,medium,low,549
C467,60,medium,0,salaried,hospitality,retail,high,medium,low,1669
C468,65,medium,0,government_employee,unknown,savings,high,medium,low,2623
C469,21,high,1,self_employed,technology,current,low,low,low,2313
C470,36,medium,0,freelancer,real_estate,retail,high,medium,medium,492
C471,59,medium,0,freelancer,healthcare,savings,low,medium,low,1281
C472,25,high,0,freelancer,construction,retail,low,high,low,1878
C473,42,low,0,salaried,manufacturing,savings,medium,medium,medium,512
C474,49,low,0,government_employee,healthcare,retail,high,low,low,2507
C475,23,low,0,self_employed,healthcare,retail,low,medium,low,3123
C476,32,low,0,freelancer,construction,current,medium,medium,medium,372
C477,46,low,0,student,finance,corporate,low,low,low,3141
C478,36,high,0,government_employee,healthcare,savings,high,low,medium,1226
C479,57,low,0,business_owner,real_estate,corporate,medium,high,low,1492
C480,42,medium,0,business_owner,retail,retail,medium,medium,medium,1232
C481,49,low,0,salaried,finance,savings,medium,medium,low,1651
C482,34,high,0,government_employee,hospitality,retail,high,medium,medium,2210
C483,48,very_high,0,self_employed,construction,corporate,high,medium,low,2428
C484,25,low,0,business_owner,hospitality,retail,medium,low,medium,3626
C485,67,high,0,government_employee,construction,savings,medium,medium,low,3641
C486,69,low,0,student,real_estate,business,high,low,low,2583
C487,50,high,0,salaried,hospitality,business,low,high,low,2161
C488,66,low,0,student,technology,corporate,high,medium,medium,1022
C489,25,high,0,self_employed,manufacturing,retail,high,medium,high,3565
C490,32,low,0,business_owner,unknown,corporate,low,medium,low,2907
C491,36,medium,0,salaried,retail,current,medium,medium,low,2938
C492,46,medium,0,salaried,technology,retail,medium,low,medium,2420
C493,46,low,0,salaried,technology,business,medium,medium,low,3381
C494,68,low,0,retired,retail,retail,medium,low,high,2943
C495,41,low,0,salaried,finance,business,medium,high,medium,3364
C496,59,low,0,self_employed,hospitality,current,medium,high,medium,1219
C497,56,medium,0,freelancer,unknown,current,medium,medium,low,2370
C498,53,low,0,salaried,technology,retail,medium,high,low,3610
C499,50,low,0,business_owner,finance,retail,low,medium,medium,1633
C500,57,low,1,government_employee,finance,corporate,high,low,high,3327
C501,43,high,0,unemployed,construction,retail,low,high,high,1223
C502,30,low,0,retired,technology,retail,high,medium,low,627
C503,25,low,0,retired,healthcare,savings,medium,medium,low,674
C504,56,low,0,government_employee,technology,corporate,medium,medium,low,477
C505,54,low,0,self_employed,healthcare,savings,high,medium,medium,2767
C506,51,high,0,government_employee,technology,savings,medium,high,low,3079
C507,30,low,0,salaried,construction,retail,medium,low,low,2932
C508,39,low,0,freelancer,manufacturing,business,low,medium,low,2579
C509,52,medium,0,self_employed,education,retail,medium,medium,low,793
C510,21,medium,0,business_owner,technology,corporate,medium,medium,high,3628
C511,25,low,0,salaried,education,corporate,low,medium,low,764
C512,65,medium,0,retired,manufacturing,current,medium,low,low,3480
C513,24,high,0,salaried,finance,retail,low,low,low,3302
C514,36,low,0,freelancer,real_estate,corporate,medium,low,low,1672
C515,44,medium,0,government_employee,retail,savings,low,high,low,2327
C516,36,medium,0,salaried,hospitality,retail,low,low,low,3510
C517,22,low,0,government_employee,technology,savings,low,medium,medium,630
C518,69,low,0,government_employee,unknown,business,high,medium,low,2202
C519,48,low,0,student,finance,business,low,high,low,2190
C520,52,high,0,self_employed,hospitality,retail,medium,high,low,1010
C521,47,very_high,0,salaried,manufacturing,retail,low,low,medium,3238
C522,40,medium,0,salaried,hospitality,retail,high,low,low,1812
C523,44,low,0,self_employed,healthcare,corporate,low,medium,medium,3597
C524,32,medium,0,freelancer,real_estate,retail,high,low,low,2227
C525,55,medium,0,salaried,hospitality,retail,medium,medium,medium,2952
C526,53,low,0,government_employee,retail,business,low,medium,low,2420
C527,53,low,0,self_employed,retail,business,high,high,high,609
C528,63,high,0,business_owner,real_estate,retail,medium,low,low,812
C529,57,low,0,government_employee,real_estate,retail,medium,high,low,2398
C530,32,high,0,freelancer,healthcare,corporate,high,low,medium,2899
C531,23,low,0,self_employed,healthcare,retail,high,medium,low,561
C532,21,low,0,business_owner,healthcare,savings,medium,medium,high,3390
C533,53,low,0,self_employed,hospitality,savings,medium,medium,low,1542
C534,60,low,1,salaried,manufacturing,current,high,medium,medium,2569
C535,30,high,0,salaried,hospitality,savings,medium,high,medium,641
C536,63,low,0,business_owner,unknown,savings,high,high,high,2329
C537,64,high,0,self_employed,technology,savings,medium,high,high,2035
C538,49,medium,1,retired,finance,retail,medium,low,medium,1130
C539,33,high,0,self_employed,finance,savings,high,high,medium,1700
C540,32,low,0,business_owner,healthcare,corporate,low,medium,low,1445
C541,51,high,0,self_employed,unknown,retail,medium,low,low,1465
C542,66,medium,0,retired,real_estate,retail,medium,low,medium,2250
C543,22,low,0,freelancer,healthcare,retail,medium,low,high,904
C544,55,low,0,business_owner,technology,business,low,low,medium,2278
C545,43,high,0,government_employee,manufacturing,retail,high,medium,high,246
C546,37,very_high,0,salaried,manufacturing,retail,medium,high,medium,405
C547,46,low,0,business_owner,retail,corporate,medium,medium,low,1639
C548,28,medium,0,self_employed,unknown,savings,high,medium,low,40
C549,49,high,0,self_employed,real_estate,retail,medium,high,low,3113
C550,46,high,0,retired,retail,business,low,low,low,2969
C551,30,very_high,0,freelancer,construction,current,low,high,low,1643
C552,46,medium,0,salaried,finance,savings,high,medium,high,2512
C553,54,low,0,student,construction,savings,low,medium,medium,847
C554,61,low,0,student,unknown,retail,medium,medium,low,3474
C555,27,low,0,salaried,education,retail,medium,medium,low,1326
C556,24,medium,0,salaried,hospitality,current,medium,low,low,3008
C557,65,medium,0,self_employed,healthcare,retail,low,medium,low,720
C558,31,low,0,salaried,unknown,retail,medium,low,low,1629
C559,49,high,0,salaried,real_estate,savings,medium,high,low,1562
C560,56,medium,0,salaried,education,retail,high,medium,low,1185
C561,45,medium,0,self_employed,unknown,business,low,low,low,2932
C562,41,low,1,retired,unknown,retail,medium,medium,high,1977
C563,56,medium,0,student,hospitality,current,medium,low,low,813
C564,30,low,0,unemployed,healthcare,savings,medium,medium,low,2396
C565,57,low,0,self_employed,unknown,current,medium,high,low,2921
C566,29,low,0,government_employee,manufacturing,retail,medium,medium,low,2002
C567,44,low,0,freelancer,unknown,savings,medium,low,medium,1906
C568,55,low,0,retired,manufacturing,current,high,medium,medium,2698
C569,69,medium,0,self_employed,healthcare,corporate,medium,medium,low,814
C570,55,low,0,government_employee,technology,corporate,medium,high,medium,3269
C571,68,medium,0,salaried,real_estate,savings,low,low,low,426
C572,56,low,0,self_employed,hospitality,savings,low,medium,medium,3281
C573,38,high,0,business_owner,healthcare,corporate,low,medium,low,1111
C574,69,very_high,0,student,real_estate,business,low,low,low,1533
C575,59,low,0,salaried,healthcare,retail,medium,medium,medium,2063
C576,52,low,0,unemployed,hospitality,corporate,high,medium,medium,1644
C577,44,low,0,retired,technology,current,medium,high,medium,489
C578,43,medium,0,business_owner,finance,savings,medium,high,low,2138
C579,52,medium,0,unemployed,retail,current,low,medium,low,2446
C580,57,low,0,self_employed,finance,business,medium,medium,high,3222
C581,32,medium,0,unemployed,real_estate,corporate,low,low,low,2796
C582,69,low,0,business_owner,finance,retail,high,high,low,575
C583,33,low,0,salaried,finance,retail,medium,high,low,3118
C584,43,medium,0,government_employee,unknown,savings,high,high,low,2573
C585,45,low,0,retired,construction,current,high,medium,low,526
C586,55,medium,0,government_employee,technology,retail,medium,medium,low,534
C587,61,low,0,unemployed,unknown,retail,medium,high,low,3633
C588,50,very_high,0,government_employee,finance,retail,low,medium,high,3046
C589,37,low,0,student,manufacturing,current,medium,medium,low,3416
C590,69,low,0,freelancer,manufacturing,retail,high,medium,low,1122
C591,40,medium,0,retired,technology,corporate,low,low,low,2238
C592,68,low,0,self_employed,technology,savings,high,low,medium,1667
C593,45,very_high,0,freelancer,technology,current,medium,medium,low,747
C594,42,medium,0,salaried,technology,savings,high,medium,medium,3246
C595,33,medium,0,retired,education,savings,high,high,low,1622
C596,39,medium,0,freelancer,retail,retail,medium,low,medium,3070
C597,69,very_high,0,retired,retail,savings,medium,low,low,1438
C598,56,high,1,retired,retail,savings,medium,low,low,298
C599,32,medium,0,government_employee,healthcare,business,high,low,medium,1976
C600,61,medium,0,business_owner,real_estate,retail,high,low,medium,1507
C601,39,low,0,freelancer,finance,retail,high,medium,low,2776
C602,32,low,1,salaried,construction,retail,medium,medium,low,1571
C603,29,medium,0,salaried,healthcare,corporate,medium,medium,low,894
C604,27,low,0,salaried,retail,current,high,high,medium,2427
C605,48,low,0,business_owner,manufacturing,retail,medium,medium,low,139
C606,34,low,0,business_owner,finance,corporate,high,low,low,3584
C607,51,low,0,government_employee,manufacturing,retail,medium,low,low,2484
C608,39,medium,0,self_employed,education,retail,low,high,medium,679
C609,67,high,0,business_owner,retail,corporate,medium,medium,medium,2128
C610,36,low,0,salaried,finance,retail,medium,high,medium,3504
C611,25,medium,0,self_employed,technology,corporate,low,high,low,1529
C612,55,high,0,student,finance,savings,low,high,high,1140
C613,32,low,0,salaried,finance,savings,medium,high,medium,3169
C614,45,high,0,salaried,retail,retail,low,medium,medium,625
C615,41,low,0,salaried,healthcare,business,medium,medium,low,1008
C616,56,low,0,salaried,real_estate,savings,high,high,low,3143
C617,43,very_high,0,business_owner,manufacturing,current,high,medium,medium,760
C618,36,low,0,salaried,manufacturing,retail,high,low,low,86
C619,59,medium,0,retired,retail,retail,high,medium,low,2815
C620,65,high,0,government_employee,retail,retail,medium,medium,medium,2273
C621,62,low,0,business_owner,construction,retail,medium,high,medium,1813
C622,59,medium,0,unemployed,real_estate,corporate,medium,medium,high,1731
C623,34,very_high,0,business_owner,construction,business,high,medium,medium,3163
C624,51,low,0,business_owner,technology,corporate,medium,high,low,1316
C625,25,high,0,unemployed,manufacturing,retail,low,high,low,141
C626,55,medium,0,salaried,real_estate,savings,high,medium,low,2842
C627,43,medium,0,unemployed,healthcare,retail,low,low,low,740
C628,49,medium,0,salaried,technology,savings,medium,medium,low,1231
C629,63,low,0,self_employed,real_estate,savings,low,medium,low,977
C630,31,high,0,salaried,retail,current,medium,low,low,55
C631,38,high,0,retired,healthcare,business,medium,low,medium,2487
C632,67,medium,0,student,hospitality,retail,low,medium,high,787
C633,32,medium,0,retired,unknown,savings,medium,medium,medium,2608
C634,29,medium,0,self_employed,healthcare,business,medium,medium,medium,1830
C635,30,low,0,self_employed,healthcare,current,high,low,medium,3418
C636,64,medium,0,salaried,retail,corporate,high,medium,high,1585
C637,37,medium,0,self_employed,manufacturing,business,medium,medium,medium,3207
C638,58,medium,0,freelancer,healthcare,retail,high,low,medium,2826
C639,27,medium,0,self_employed,unknown,business,medium,low,high,1871
C640,66,low,0,government_employee,healthcare,retail,medium,medium,high,3565
C641,33,low,0,government_employee,technology,savings,low,high,low,2323
C642,60,low,0,self_employed,manufacturing,current,medium,medium,low,1134
C643,62,low,0,student,hospitality,retail,medium,low,low,691
C644,29,medium,0,salaried,technology,corporate,low,medium,low,938
C645,47,medium,0,salaried,technology,retail,medium,high,low,2473
C646,22,medium,0,salaried,unknown,business,high,low,low,551
C647,25,low,0,student,finance,current,medium,medium,low,1886
C648,49,medium,0,self_employed,construction,savings,low,medium,low,1789
C649,57,low,0,business_owner,retail,savings,medium,low,medium,3003
C650,58,low,0,business_owner,hospitality,current,medium,high,low,2341
C651,39,medium,0,self_employed,manufacturing,corporate,medium,medium,medium,819
C652,28,high,0,retired,healthcare,corporate,medium,medium,medium,1327
C653,68,low,0,government_employee,construction,savings,medium,low,low,1759
C654,65,low,0,salaried,finance,corporate,high,low,high,201
C655,21,low,0,salaried,retail,retail,medium,medium,low,294
C656,42,low,0,retired,real_estate,retail,high,medium,low,2016
C657,37,medium,0,self_employed,healthcare,retail,medium,low,low,1079
C658,27,low,0,retired,manufacturing,current,medium,low,low,1522
C659,45,medium,0,self_employed,finance,corporate,medium,low,low,1915
C660,65,low,0,self_employed,finance,savings,low,high,low,505
C661,24,low,0,salaried,retail,corporate,low,medium,low,2433
C662,56,low,0,salaried,retail,retail,medium,high,low,1079
C663,26,low,0,student,technology,retail,high,low,low,63
C664,51,low,0,self_employed,education,current,high,high,medium,2341
C665,39,low,0,government_employee,construction,savings,medium,low,low,1191
C666,64,high,0,freelancer,hospitality,business,low,medium,low,845
C667,59,low,0,business_owner,retail,savings,medium,high,low,2952
C668,47,very_high,0,government_employee,technology,savings,medium,medium,low,783
C669,30,low,0,self_employed,retail,savings,high,medium,low,595
C670,46,high,0,self_employed,healthcare,business,high,low,medium,491
C671,39,medium,0,retired,real_estate,current,high,low,low,3269
C672,59,medium,0,self_employed,finance,retail,medium,medium,medium,1684
C673,23,medium,0,student,retail,savings,medium,medium,medium,2732
C674,65,medium,0,salaried,unknown,savings,medium,medium,low,110
C675,33,medium,0,student,technology,savings,high,medium,low,2834
C676,48,medium,0,freelancer,technology,retail,low,medium,high,1967
C677,40,medium,0,freelancer,finance,current,low,low,medium,899
C678,48,low,0,retired,retail,business,low,low,low,1460
C679,28,low,0,retired,construction,retail,high,high,medium,1099
C680,61,medium,0,business_owner,retail,current,medium,low,medium,628
C681,59,medium,0,student,technology,retail,medium,medium,low,1664
C682,21,medium,0,salaried,finance,retail,high,low,medium,836
C683,23,medium,0,self_employed,technology,retail,high,medium,low,1964
C684,33,very_high,1,business_owner,finance,retail,medium,medium,low,1106
C685,48,low,0,unemployed,hospitality,current,medium,low,high,3061
C686,69,low,0,self_employed,hospitality,retail,high,low,medium,733
C687,45,low,0,business_owner,hospitality,retail,high,medium,low,2553
C688,53,low,0,business_owner,healthcare,retail,medium,medium,low,2669
C689,58,high,0,student,hospitality,retail,medium,low,medium,2093
C690,26,low,0,retired,real_estate,retail,medium,medium,medium,3461
C691,64,medium,0,salaried,technology,savings,high,low,medium,516
C692,65,low,0,business_owner,manufacturing,retail,medium,high,high,735
C693,52,medium,0,government_employee,finance,current,medium,medium,medium,1555
C694,65,medium,0,business_owner,retail,current,low,low,low,1194
C695,67,low,0,salaried,education,retail,high,medium,low,649
C696,41,medium,0,retired,retail,current,medium,medium,low,3096
C697,36,low,0,government_employee,manufacturing,retail,low,low,medium,806
C698,41,low,0,salaried,technology,retail,medium,medium,medium,476
C699,31,low,0,government_employee,construction,retail,medium,low,low,2367
C700,57,low,0,government_employee,unknown,retail,medium,low,low,238
C701,56,low,0,business_owner,construction,savings,high,low,low,1528
C702,55,medium,0,unemployed,healthcare,current,medium,medium,low,2490
C703,39,medium,0,government_employee,retail,retail,high,low,low,2754
C704,40,medium,0,government_employee,technology,savings,low,medium,low,1480
C705,38,low,0,retired,finance,retail,low,medium,low,1907
C706,67,medium,0,salaried,finance,current,low,medium,low,3472
C707,61,low,0,salaried,real_estate,retail,medium,medium,low,2741
C708,69,low,0,business_owner,real_estate,retail,medium,high,low,2367
C709,34,high,0,salaried,unknown,retail,high,medium,medium,3533
C710,35,low,0,self_employed,retail,retail,high,medium,low,1321
C711,51,medium,0,freelancer,retail,savings,medium,low,medium,2228
C712,21,medium,0,government_employee,finance,current,high,high,medium,1772
C713,23,low,0,student,unknown,retail,medium,low,low,1308
C714,36,low,0,freelancer,hospitality,savings,high,medium,low,3454
C715,43,low,0,government_employee,hospitality,savings,medium,medium,high,1430
C716,31,high,0,self_employed,construction,current,medium,low,medium,1706
C717,32,low,0,salaried,real_estate,retail,high,low,high,884
C718,30,low,0,business_owner,technology,corporate,medium,medium,medium,1411
C719,52,low,0,retired,healthcare,business,low,medium,low,2685
C720,36,medium,0,self_employed,manufacturing,savings,medium,medium,low,2447
C721,28,low,0,retired,technology,corporate,medium,high,low,3328
C722,58,low,0,salaried,technology,retail,high,low,low,734
C723,32,medium,0,retired,unknown,retail,medium,low,low,3404
C724,44,high,0,government_employee,unknown,savings,high,medium,medium,855
C725,48,low,0,retired,hospitality,savings,medium,medium,low,1034
C726,28,low,0,unemployed,education,retail,medium,medium,low,3490
C727,48,low,0,government_employee,education,savings,high,low,medium,406
C728,56,medium,0,freelancer,retail,savings,medium,medium,medium,1002
C729,46,low,0,unemployed,finance,savings,high,medium,low,147
C730,28,medium,0,government_employee,education,savings,medium,medium,medium,3106
C731,48,medium,0,retired,education,current,medium,medium,medium,473
C732,48,medium,0,salaried,finance,retail,low,medium,low,3453
C733,57,low,0,business_owner,unknown,current,medium,medium,low,784
C734,61,high,0,student,finance,retail,medium,low,low,3634
C735,56,medium,0,self_employed,healthcare,retail,high,low,low,669
C736,47,medium,0,self_employed,manufacturing,retail,medium,medium,low,2201
C737,37,low,1,unemployed,retail,retail,medium,medium,high,2735
C738,29,very_high,0,freelancer,finance,retail,low,medium,medium,1330
C739,53,low,1,government_employee,healthcare,retail,low,medium,medium,2899
C740,40,low,0,self_employed,hospitality,current,medium,medium,high,3495
C741,33,low,0,salaried,technology,retail,high,high,medium,2741
C742,48,medium,0,salaried,manufacturing,savings,high,low,low,2437
C743,68,low,0,self_employed,real_estate,retail,high,low,low,652
C744,49,low,0,salaried,finance,business,high,low,medium,1522
C745,33,low,0,salaried,unknown,savings,medium,medium,low,2038
C746,66,low,0,freelancer,finance,retail,high,medium,low,1681
C747,55,medium,0,retired,unknown,current,low,low,medium,1753
C748,26,medium,0,self_employed,real_estate,savings,medium,medium,high,3158
C749,38,low,0,salaried,unknown,current,medium,low,low,3352
C750,25,low,0,business_owner,finance,savings,low,medium,medium,1949
C751,67,medium,0,salaried,real_estate,savings,high,medium,low,948
C752,45,low,0,unemployed,retail,current,medium,medium,medium,1203
C753,22,low,0,self_employed,finance,corporate,high,low,low,2529
C754,30,very_high,0,self_employed,manufacturing,retail,medium,high,medium,1215
C755,50,medium,0,self_employed,retail,current,low,medium,low,149
C756,65,low,1,salaried,manufacturing,corporate,high,low,medium,611
C757,25,medium,0,student,finance,corporate,medium,low,low,1977
C758,53,low,0,retired,healthcare,retail,medium,medium,low,3452
C759,21,medium,0,retired,hospitality,corporate,low,high,low,2176
C760,38,low,0,salaried,technology,business,medium,high,low,1220
C761,52,low,0,student,manufacturing,retail,medium,medium,low,1716
C762,67,low,1,business_owner,manufacturing,corporate,medium,high,low,2029
C763,69,high,0,freelancer,construction,savings,high,low,medium,2591
C764,31,medium,1,self_employed,healthcare,current,high,low,medium,2741
C765,41,low,0,self_employed,education,corporate,high,high,low,430
C766,46,low,0,student,unknown,retail,high,medium,medium,2442
C767,45,medium,0,student,education,business,medium,medium,low,1379
C768,42,low,0,business_owner,technology,savings,medium,medium,low,2658
C769,47,low,0,self_employed,manufacturing,retail,low,high,low,1686
C770,69,very_high,0,business_owner,education,retail,low,medium,low,650
C771,33,low,0,freelancer,manufacturing,corporate,high,high,low,2905
C772,53,medium,0,business_owner,finance,retail,medium,medium,high,276
C773,54,very_high,0,unemployed,retail,retail,medium,low,low,2511
C774,61,low,0,business_owner,hospitality,current,medium,high,low,1146
C775,55,low,0,unemployed,healthcare,retail,medium,low,low,3369
C776,21,low,0,government_employee,education,savings,low,high,medium,2692
C777,41,high,0,self_employed,technology,retail,low,medium,medium,3020
C778,68,high,0,freelancer,real_estate,current,low,medium,medium,3040
C779,26,medium,0,salaried,finance,savings,medium,medium,high,653
C780,48,low,0,freelancer,retail,retail,medium,low,high,2398
C781,37,medium,1,student,unknown,savings,low,low,medium,1869
C782,25,high,0,salaried,construction,retail,high,high,low,2933
C783,51,medium,0,student,manufacturing,current,medium,high,medium,2139
C784,25,high,0,unemployed,technology,current,medium,medium,low,329
C785,58,high,0,salaried,manufacturing,corporate,high,high,medium,432
C786,23,medium,0,business_owner,manufacturing,corporate,medium,high,medium,3032
C787,43,medium,0,retired,real_estate,retail,high,medium,medium,1701
C788,57,low,0,government_employee,finance,savings,high,low,low,3404
C789,57,low,0,self_employed,manufacturing,corporate,medium,high,medium,282
C790,30,medium,0,salaried,hospitality,retail,high,medium,high,1787
C791,30,low,0,salaried,unknown,corporate,high,high,low,2555
C792,39,high,0,student,finance,retail,medium,high,low,1422
C793,37,very_high,0,business_owner,education,savings,medium,high,medium,1994
C794,41,medium,0,unemployed,real_estate,retail,high,medium,high,189
C795,34,low,0,salaried,technology,savings,high,low,low,3038
C796,29,low,0,retired,retail,retail,medium,medium,low,3267
C797,66,low,0,salaried,technology,retail,medium,medium,low,234
C798,21,medium,0,salaried,healthcare,savings,high,low,low,3368
C799,65,medium,0,business_owner,healthcare,business,medium,medium,high,1191
C800,33,high,0,business_owner,education,current,medium,medium,medium,1421
C801,24,low,0,retired,education,retail,high,high,medium,3544
C802,21,high,0,freelancer,manufacturing,retail,medium,low,low,887
C803,69,high,0,student,unknown,current,medium,medium,medium,789
C804,60,low,0,unemployed,healthcare,corporate,high,low,low,1620
C805,52,high,0,freelancer,retail,retail,high,low,low,2798
C806,54,low,0,student,manufacturing,current,medium,low,low,3118
C807,48,low,0,government_employee,retail,current,medium,medium,low,2145
C808,51,medium,0,student,healthcare,business,medium,low,low,162
C809,28,low,0,salaried,retail,business,high,medium,low,1753
C810,59,medium,0,retired,finance,current,low,low,low,2996
C811,46,medium,0,salaried,hospitality,retail,medium,high,low,459
C812,54,medium,0,student,retail,retail,medium,high,medium,2385
C813,23,low,0,retired,technology,savings,high,high,low,2727
C814,32,medium,0,salaried,finance,savings,low,high,high,1227
C815,21,medium,0,salaried,education,corporate,medium,high,low,2489
C816,64,medium,0,freelancer,healthcare,corporate,low,high,medium,126
C817,25,low,0,student,education,corporate,high,medium,medium,1736
C818,50,low,0,salaried,technology,savings,medium,low,high,1207
C819,50,medium,0,retired,retail,retail,medium,low,medium,1748
C820,37,low,0,student,real_estate,retail,medium,low,low,1295
C821,68,medium,0,business_owner,retail,savings,high,medium,low,1357
C822,67,medium,0,unemployed,technology,savings,medium,medium,low,1338
C823,43,medium,0,retired,healthcare,retail,low,high,low,1080
C824,35,medium,0,self_employed,unknown,savings,medium,high,low,3503
C825,57,very_high,0,government_employee,finance,savings,high,medium,medium,1413
C826,41,high,0,freelancer,education,corporate,medium,medium,low,3161
C827,34,high,0,salaried,retail,retail,high,high,medium,2279
C828,22,high,0,salaried,healthcare,corporate,high,low,high,2839
C829,31,low,0,salaried,technology,retail,low,medium,medium,2951
C830,59,low,1,retired,construction,business,medium,low,medium,610
C831,58,medium,0,student,retail,retail,medium,medium,medium,2447
C832,54,low,0,student,finance,savings,medium,low,low,562
C833,58,low,0,unemployed,healthcare,retail,medium,high,low,1205
C834,54,low,0,government_employee,finance,corporate,medium,medium,high,1155
C835,38,medium,0,salaried,retail,savings,high,low,high,928
C836,50,medium,0,self_employed,real_estate,retail,medium,low,medium,2684
C837,35,medium,0,self_employed,finance,corporate,high,medium,low,1499
C838,47,medium,0,self_employed,finance,retail,low,high,medium,2950
C839,54,high,1,retired,education,retail,low,medium,low,1282
C840,58,low,0,freelancer,technology,savings,high,medium,low,3226
C841,53,high,0,self_employed,retail,retail,medium,medium,low,799
C842,44,low,0,business_owner,retail,current,high,medium,low,863
C843,35,very_high,0,government_employee,manufacturing,savings,medium,medium,low,3076
C844,50,medium,0,self_employed,healthcare,corporate,medium,medium,low,1934
C845,62,low,0,salaried,real_estate,retail,high,medium,low,3015
C846,37,low,0,business_owner,retail,corporate,medium,medium,low,2313
C847,25,low,0,salaried,manufacturing,current,medium,medium,medium,2239
C848,49,low,0,unemployed,healthcare,retail,high,high,medium,583
C849,24,low,0,salaried,manufacturing,current,medium,high,low,2865
C850,30,medium,0,self_employed,hospitality,retail,high,medium,low,3454
C851,37,medium,0,business_owner,manufacturing,current,high,medium,medium,1121
C852,30,medium,0,unemployed,healthcare,retail,high,low,low,1226
C853,37,high,0,salaried,retail,current,low,high,low,1690
C854,40,medium,1,salaried,healthcare,corporate,medium,medium,medium,588
C855,44,medium,0,salaried,retail,retail,high,low,high,290
C856,25,low,1,salaried,retail,retail,medium,medium,low,2294
C857,54,medium,0,salaried,hospitality,corporate,low,high,low,1870
C858,26,low,0,student,technology,business,medium,low,low,1177
C859,22,very_high,0,salaried,technology,retail,medium,medium,low,834
C860,33,high,0,salaried,manufacturing,retail,high,medium,low,1215
C861,63,medium,0,government_employee,manufacturing,savings,high,low,low,2278
C862,63,low,0,self_employed,finance,corporate,medium,low,low,3555
C863,68,high,0,self_employed,hospitality,savings,low,high,high,2479
C864,31,medium,0,self_employed,retail,savings,high,high,medium,3563
C865,67,low,0,unemployed,education,retail,medium,low,medium,304
C866,43,low,0,salaried,hospitality,business,high,high,medium,235
C867,36,medium,0,freelancer,education,corporate,medium,medium,low,3141
C868,51,low,0,government_employee,real_estate,retail,medium,medium,medium,3374
C869,31,high,0,salaried,finance,savings,medium,medium,low,1753
C870,36,low,0,unemployed,technology,savings,high,high,low,896
C871,28,low,0,salaried,manufacturing,retail,medium,medium,medium,122
C872,24,high,0,salaried,technology,savings,medium,low,medium,1095
C873,60,low,0,government_employee,construction,retail,medium,high,medium,3566
C874,24,medium,0,retired,healthcare,corporate,high,medium,low,2456
C875,45,low,0,student,healthcare,current,high,low,high,3208
C876,23,low,0,salaried,healthcare,retail,medium,medium,high,1381
C877,52,medium,0,business_owner,healthcare,corporate,medium,medium,low,2142
C878,23,medium,0,government_employee,real_estate,current,medium,high,low,394
C879,47,medium,0,self_employed,education,business,medium,medium,low,850
C880,49,medium,0,self_employed,manufacturing,corporate,low,low,high,1537
C881,52,medium,0,salaried,hospitality,savings,medium,medium,low,2059
C882,39,low,0,salaried,construction,savings,medium,medium,low,1954
C883,41,low,0,freelancer,hospitality,business,low,low,low,3125
C884,25,high,0,self_employed,finance,current,medium,medium,low,2617
C885,38,medium,0,unemployed,education,retail,high,high,medium,1115
C886,48,medium,0,self_employed,retail,corporate,medium,low,low,2568
C887,62,low,0,retired,retail,corporate,medium,medium,high,1326
C888,42,low,0,salaried,manufacturing,current,medium,medium,medium,2306
C889,41,medium,0,self_employed,healthcare,savings,medium,low,medium,1073
C890,26,high,0,salaried,finance,savings,low,medium,low,32
C891,21,medium,0,self_employed,retail,business,high,medium,low,3522
C892,25,high,0,business_owner,finance,retail,low,high,low,1783
C893,61,medium,0,unemployed,construction,retail,medium,low,low,940
C894,32,low,0,retired,finance,corporate,medium,medium,low,336
C895,46,low,0,salaried,retail,retail,high,low,high,2509
C896,66,low,0,salaried,technology,retail,medium,high,low,165
C897,54,low,0,salaried,healthcare,retail,medium,medium,low,1962
C898,69,high,0,business_owner,unknown,savings,low,medium,low,2592
C899,34,low,0,government_employee,finance,current,medium,low,low,2270
C900,46,medium,0,unemployed,real_estate,savings,high,medium,high,1638
C901,65,low,0,salaried,education,savings,high,low,low,1468
C902,47,low,0,business_owner,unknown,retail,low,high,low,902
C903,29,low,0,business_owner,manufacturing,current,medium,medium,medium,1171
C904,46,low,0,retired,hospitality,current,high,medium,low,695
C905,67,medium,0,business_owner,finance,savings,medium,medium,low,238
C906,42,low,0,retired,technology,retail,medium,medium,low,981
C907,67,medium,0,retired,technology,retail,high,medium,low,1087
C908,50,low,0,salaried,construction,retail,high,medium,low,678
C909,63,low,0,government_employee,retail,savings,medium,medium,low,1371
C910,68,low,0,salaried,retail,current,medium,medium,medium,2197
C911,37,medium,0,retired,healthcare,current,medium,medium,low,656
C912,46,medium,0,self_employed,finance,corporate,high,low,medium,554
C913,56,low,0,business_owner,retail,current,medium,high,medium,1634
C914,21,low,0,freelancer,unknown,business,medium,medium,low,1898
C915,28,medium,0,freelancer,technology,retail,medium,medium,low,798
C916,69,low,0,government_employee,manufacturing,corporate,low,high,low,3190
C917,55,low,0,business_owner,education,business,medium,low,medium,2589
C918,35,high,0,retired,technology,retail,medium,high,medium,2124
C919,67,medium,0,business_owner,retail,business,medium,high,medium,801
C920,42,low,0,freelancer,retail,business,medium,high,low,769
C921,34,high,0,self_employed,healthcare,savings,high,high,high,551
C922,46,medium,0,unemployed,manufacturing,current,low,medium,low,3385
C923,48,low,0,unemployed,technology,savings,high,low,low,1430
C924,43,medium,0,retired,finance,savings,high,medium,low,2211
C925,34,medium,0,salaried,real_estate,retail,medium,medium,low,277
C926,44,low,0,salaried,unknown,retail,medium,low,low,1371
C927,22,low,0,freelancer,hospitality,retail,high,medium,medium,2513
C928,65,low,0,salaried,hospitality,savings,medium,medium,medium,3277
C929,46,medium,0,freelancer,hospitality,retail,medium,high,medium,1888
C930,34,low,0,business_owner,healthcare,retail,medium,high,low,715
C931,27,high,0,self_employed,hospitality,retail,medium,high,medium,615
C932,23,medium,0,freelancer,retail,savings,high,medium,low,2428
C933,67,low,0,student,manufacturing,business,high,high,low,172
C934,43,medium,0,student,manufacturing,business,high,high,low,996
C935,66,low,0,business_owner,finance,corporate,low,medium,low,2881
C936,63,medium,0,self_employed,hospitality,current,low,low,low,3499
C937,67,medium,0,government_employee,construction,savings,medium,high,low,747
C938,65,low,0,salaried,healthcare,savings,low,high,low,672
C939,38,low,0,unemployed,hospitality,savings,medium,medium,high,3470
C940,58,low,0,freelancer,finance,retail,medium,low,low,2578
C941,55,low,0,self_employed,manufacturing,business,medium,medium,high,399
C942,35,low,0,retired,technology,corporate,medium,low,medium,3483
C943,45,low,0,student,real_estate,corporate,medium,high,low,1139
C944,57,very_high,0,self_employed,unknown,savings,medium,high,medium,816
C945,48,low,0,unemployed,construction,retail,medium,low,low,2816
C946,30,low,0,salaried,hospitality,retail,medium,medium,medium,1513
C947,59,medium,0,salaried,healthcare,savings,medium,low,low,979
C948,37,low,0,business_owner,unknown,retail,high,medium,high,1378
C949,59,very_high,0,business_owner,finance,savings,high,medium,medium,551
C950,42,medium,0,student,construction,savings,high,medium,medium,2566
C951,46,medium,0,government_employee,healthcare,savings,medium,medium,medium,1982
C952,64,low,0,student,finance,savings,low,low,low,2474
C953,45,low,0,student,manufacturing,savings,medium,medium,low,2973
C954,37,low,0,salaried,retail,savings,high,low,low,384
C955,33,high,0,self_employed,retail,savings,medium,medium,low,976
C956,40,low,0,salaried,healthcare,current,high,low,low,2365
C957,45,low,0,salaried,finance,savings,medium,medium,medium,1512
C958,24,very_high,0,business_owner,retail,current,high,high,low,1677
C959,30,low,0,salaried,finance,retail,high,high,high,3075
C960,23,low,0,salaried,technology,corporate,low,high,medium,565
C961,61,low,0,salaried,finance,business,medium,high,low,1344
C962,65,very_high,0,unemployed,education,corporate,medium,low,high,2928
C963,38,low,0,unemployed,retail,retail,medium,low,low,2915
C964,67,medium,0,student,unknown,savings,medium,medium,medium,2245
C965,56,medium,0,freelancer,construction,retail,medium,high,low,979
C966,67,low,0,government_employee,healthcare,retail,medium,high,low,650
C967,42,medium,0,student,hospitality,business,medium,low,low,457
C968,54,low,0,salaried,hospitality,savings,medium,medium,low,1755
C969,67,low,1,government_employee,unknown,retail,low,low,low,2567
C970,28,medium,0,retired,manufacturing,business,medium,medium,low,2432
C971,60,high,0,student,finance,business,medium,medium,low,2273
C972,69,medium,0,government_employee,manufacturing,corporate,high,low,high,574
C973,64,medium,0,business_owner,manufacturing,retail,low,medium,low,2794
C974,39,low,0,retired,manufacturing,current,high,medium,low,853
C975,62,low,0,unemployed,healthcare,savings,medium,medium,medium,3009
C976,61,low,0,self_employed,construction,savings,low,low,medium,1032
C977,57,low,0,retired,unknown,current,medium,high,high,688
C978,26,low,0,business_owner,retail,savings,medium,medium,low,3016
C979,46,low,0,retired,finance,retail,medium,high,low,2857
C980,54,low,0,government_employee,retail,savings,medium,high,low,2088
C981,65,low,0,salaried,hospitality,retail,medium,low,low,3357
C982,26,medium,0,student,manufacturing,current,low,low,medium,2473
C983,57,high,0,salaried,manufacturing,savings,low,medium,low,760
C984,53,low,0,retired,technology,retail,high,low,high,1862
C985,42,high,0,business_owner,real_estate,savings,medium,high,low,438
C986,41,high,0,government_employee,healthcare,retail,medium,medium,high,2439
C987,26,low,0,salaried,technology,retail,high,high,low,3360
C988,26,medium,0,student,hospitality,savings,medium,low,medium,3104
C989,68,medium,0,salaried,unknown,retail,high,medium,high,113
C990,24,medium,0,freelancer,unknown,current,medium,medium,high,2233
C991,50,low,0,freelancer,unknown,retail,low,low,low,3277
C992,31,medium,0,unemployed,technology,savings,high,medium,low,736
C993,50,low,0,government_employee,technology,current,medium,high,medium,1991
C994,51,medium,0,government_employee,education,savings,high,medium,low,2549
C995,44,medium,1,salaried,unknown,corporate,medium,medium,low,2696
C996,29,medium,0,self_employed,retail,business,medium,low,low,1477
C997,23,medium,0,business_owner,healthcare,retail,high,medium,low,163
C998,51,medium,0,government_employee,retail,retail,low,high,low,817
C999,60,low,0,freelancer,manufacturing,corporate,high,high,low,2984
